DROP DATABASE IF EXISTS vk;
CREATE DATABASE vk;
USE vk;
DROP TABLE IF EXISTS users;
CREATE TABLE users(
	id BIGINT UNSIGNED NOT NULL AUTO_INCREMENT PRIMARY KEY,
    firstname VARCHAR(100),
    lastname VARCHAR(100),
    email VARCHAR(100) UNIQUE,
    phone BIGINT UNSIGNED UNIQUE,
    password_hash VARCHAR(255),
    
    INDEX idx_users_username(firstname, lastname)
);



DROP TABLE IF EXISTS messages;
CREATE TABLE messages(
	id SERIAL,
    from_user_id BIGINT UNSIGNED NOT NULL,
    to_user_id BIGINT UNSIGNED NOT NULL,
    body TEXT,
    created_at DATETIME DEFAULT NOW(),
    FOREIGN KEY (from_user_id) REFERENCES users(id),
    FOREIGN KEY (to_user_id) REFERENCES users(id)
);

DROP TABLE IF EXISTS friend_requests;
CREATE TABLE friend_requests(
	initiator_user_id BIGINT UNSIGNED NOT NULL,
    target_user_id BIGINT UNSIGNED NOT NULL,
    status ENUM('requested', 'approved', 'declined', 'unfriended'),
    created_at DATETIME DEFAULT NOW(),
    updated_at DATETIME ON UPDATE CURRENT_TIMESTAMP,
    PRIMARY KEY (initiator_user_id, target_user_id),
    FOREIGN KEY (initiator_user_id) REFERENCES users(id),
    FOREIGN KEY (target_user_id) REFERENCES users(id),
    CHECK (initiator_user_id != target_user_id)
);

DROP TABLE IF EXISTS communities;
CREATE TABLE communities(
	id SERIAL,
    name VARCHAR(255),
    admin_user_id BIGINT UNSIGNED NOT NULL,
    INDEX(name),
    FOREIGN KEY (admin_user_id) REFERENCES users(id)
);

DROP TABLE IF EXISTS users_communities;
CREATE TABLE users_communities(
    user_id BIGINT UNSIGNED NOT NULL,
    community_id BIGINT UNSIGNED NOT NULL,
    FOREIGN KEY (user_id) REFERENCES users(id),
    FOREIGN KEY (community_id) REFERENCES communities(id)
);

DROP TABLE IF EXISTS media_types;
CREATE TABLE media_types(
	id SERIAL,
    name VARCHAR(255)
);

DROP TABLE IF EXISTS media;
CREATE TABLE media(
	id SERIAL,
    user_id BIGINT UNSIGNED NOT NULL,
    media_type BIGINT UNSIGNED NOT NULL,
    body TEXT,
    filename VARCHAR(255),
    metadata JSON,
    FOREIGN KEY (user_id) REFERENCES users(id),
    FOREIGN KEY (media_type) REFERENCES media_types(id)
);

DROP TABLE IF EXISTS profiles;
CREATE TABLE profiles(
	user_id BIGINT UNSIGNED NOT NULL PRIMARY KEY,
    gender CHAR(1),
    hometown VARCHAR(100),
	birthday DATE,
	photo_id BIGINT UNSIGNED,
    is_active BIT DEFAULT 1,
    created_at DATETIME DEFAULT NOW(),
    CONSTRAINT fk_profile_user_id 
    FOREIGN KEY (user_id)
    REFERENCES users(id)
    ON UPDATE CASCADE
    ON DELETE RESTRICT,
    FOREIGN KEY (photo_id) REFERENCES media(id)
);

DROP TABLE IF EXISTS likes;
CREATE TABLE likes (
    id SERIAL,
    user_id BIGINT UNSIGNED NOT NULL,
    media_id BIGINT UNSIGNED NOT NULL
);

DROP TABLE IF EXISTS photo_albums;
CREATE TABLE photo_albums (
  id BIGINT UNSIGNED NOT NULL AUTO_INCREMENT,
  name VARCHAR(255) DEFAULT NULL,
  user_id BIGINT UNSIGNED NOT NULL,
  PRIMARY KEY (id),
  FOREIGN KEY (user_id) REFERENCES users (id)
);

DROP TABLE IF EXISTS photos;
CREATE TABLE photos (
  id BIGINT UNSIGNED NOT NULL AUTO_INCREMENT,
  album_id BIGINT UNSIGNED NOT NULL,
  media_id BIGINT UNSIGNED NOT NULL,
  PRIMARY KEY (id),
  FOREIGN KEY (album_id) REFERENCES photo_albums (id),
  FOREIGN KEY (media_id) REFERENCES media (id)
);

INSERT INTO users VALUES (1,'Caitlyn','Wiegand','newell.runolfsdottir@example.org',89287457169,'b7ef1f96836ef2f08ff2b4b60e3bebc2e12581f2'),(2,'Clair','Cronin','tiara.lesch@example.net',89344900398,'90402ec01240706386061d3a1e1fe273d2e173d5'),(3,'Shayne','Stehr','margaretta.blick@example.com',89065116853,'77aafc3fbb74367ad6828e77ed6fcb5c080ccc37'),(4,'Malcolm','Robel','patsy36@example.net',89428871017,'ab532b35e652cc71dd8a008c9555406d15372bd1'),(5,'Alena','Jenkins','noelia.maggio@example.org',89533704569,'838ca514051cf534ad08aec4cff35a804122298b'),(6,'Marisa','Heidenreich','domenick06@example.com',89228738420,'3576b166ec7a5db1d3e3a3cd18a423a84ee95e1c'),(7,'Major','Jerde','rosella70@example.org',89662580979,'443dc1cc6a93de22eea53785f1aec285770f81a5'),(8,'Keshaun','Wolf','thiel.delilah@example.com',89393546859,'c9ab1c9da398cef46c2b3e6bb2d8ae018d326b50'),(9,'Arely','Pfeffer','karelle31@example.org',89247169313,'93034b569caed9f86a7fa6c7dc0b8310bd525eb2'),(10,'Lillie','Kshlerin','dubuque.noemi@example.org',89054414315,'c85f63425a2a2feadf4cc636ffe6474b2c48d607'),(11,'Clemens','Gaylord','kconroy@example.com',89892176657,'f76cfa251b81152d8d3125ac1830aec7b6dbf995'),(12,'Retta','Schmeler','wanda33@example.org',89737140628,'83aea6611a479c4fdcfe92391bdfe4fd4cf1b2e1'),(13,'Lavada','Harvey','mariela.wiza@example.org',89710667955,'161964878eb09b8632c07de13671a6fbda4e5046'),(14,'Sylvia','Schiller','cole.marshall@example.org',89386160535,'f5b3623bc277513389dd7e3f60a4829d582b1abc'),(15,'Reyna','Howe','sblock@example.com',89750477875,'366451706fbcefdf3540dfd207b8f66cd9faaa11'),(16,'Aryanna','Medhurst','considine.hailee@example.net',89867371357,'7d6206767c9a55d5af3cefdf70de0bc7900b4424'),(17,'Betty','Oberbrunner','pbruen@example.org',89307208553,'b9b29acbe9ab74a870d1d0f864ccc6b4888547ca'),(18,'Ebba','Schinner','chandler.jenkins@example.com',89818894210,'1cb5d9c83f2bc8b05a379324aeeeda2d5ae6125e'),(19,'Lacy','Jones','leffler.eleanore@example.com',89170174587,'c819ae576b13eadbe5d69f87c648c20c45b5b236'),(20,'Diamond','Dooley','wjohnson@example.org',89615739687,'2669d3ef745db6b29e11cd07b476f18973b88950'),(21,'Delbert','Funk','gjakubowski@example.org',89617210276,'9076e08948712b05441a98f38771208fca145f1d'),(22,'Adolfo','Legros','xhowell@example.com',89667473406,'1b5d99356221bb265cd0dad4e6d64b2ba19f5d64'),(23,'Justus','Mraz','effertz.amalia@example.org',89010544088,'f803494ee9cc0e4597ad51015a081bbb3fdfd018'),(24,'Milan','Kulas','durward.dare@example.net',89134321429,'979617e99dbad96d6c2977a520b672e743590fdf'),(25,'Viva','Conroy','wisozk.marquise@example.com',89370071787,'31721a2c554148c787c89f4e1a42630fa9de3877'),(26,'Bethany','Senger','moore.khalid@example.com',89608751879,'dab005b147a02a584a22c031007182abb246e0f3'),(27,'Nils','Bauch','inikolaus@example.net',89424074013,'0b630a5b987a4a040e8104b1a0a57465b83a6272'),(28,'Leopold','Daniel','delia.armstrong@example.com',89587743939,'292df070b801bac373d61708e2bad90aa09a2870'),(29,'Jaylon','Greenfelder','tmitchell@example.org',89795559081,'cd049615660652b1de8895b352ea1eeabcec87ef'),(30,'Guiseppe','Crist','fredrick89@example.net',89039782390,'a0036a0dd1da385fb828f657a4683cd409ad344c'),(31,'Delfina','Goyette','arthur06@example.com',89936548377,'7604aed51c1f76d077f92b3c387765051facb008'),(32,'Candelario','Grant','labadie.abby@example.org',89574479853,'8e8b24ffbd6930d76b6726dc8bbe55fc65549b12'),(33,'Arden','Ziemann','purdy.allie@example.org',89395962809,'6607c913656e926853a687befde14cc5e8fa8b36'),(34,'Remington','Johnston','polson@example.net',89723193083,'2a4341c801678df85bb449320202f3a921cbe2ba'),(35,'Josiah','Purdy','ena.fisher@example.net',89794466496,'6d8acc09fcc28c61d7862e2454c513031ce08c5a'),(36,'Steve','Klocko','else.weimann@example.org',89983815121,'49865c27e4d40a6c6f17338313d10a1cf5820f23'),(37,'Sadie','Witting','zwilkinson@example.com',89407643102,'0f0c836a9b6938df770a49a9e8c21d9a075610f4'),(38,'Frederic','Sauer','kaycee.swaniawski@example.com',89410789050,'543fdac0492523adc54c077d097e4f65ad7942e9'),(39,'Chandler','Runolfsdottir','josiah56@example.com',89018585548,'05c3c21e194cce02e08d27028d1dd3b8e35413a8'),(40,'Nelle','Jakubowski','savanna16@example.com',89056909726,'bec04fd4684f01b93e4caa673497ca225dad5ca2'),(41,'Jordi','Price','ihuel@example.net',89200108033,'0f262ab728294e125b245b5bc1244e155bf0c046'),(42,'Blaise','Hammes','kozey.korey@example.com',89482874343,'8f487fc89df6300bfa310842d6dc7fea67ac756b'),(43,'Izabella','Ortiz','dominic.stracke@example.com',89657090844,'24e57ba2e0e8925a5943ba356f189fdd89f228ae'),(44,'Lorenz','West','charley07@example.net',89931307535,'64f65496159e4dcf479389cf4ad0a0aedd7b3896'),(45,'Rhett','Graham','jonathan.willms@example.org',89945884540,'43f1c545213050f90b1d380b5ed389528fabeeed'),(46,'Herman','Ankunding','tbeatty@example.com',89220719327,'a61d0d5be7eece466e289c5fbfcb10b810d88f59'),(47,'Osvaldo','Huels','umraz@example.com',89641792916,'27565ea3087d52b0ed99a9c0f2d2cf841b000efa'),(48,'Jairo','Rosenbaum','edison.hilpert@example.com',89270973176,'881765ce9183747a80b8fb03007467b2a312e964'),(49,'Missouri','Brekke','terry.jeramie@example.net',89412004417,'2f555ae7981315856bd800386566e9d48119bbb7'),(50,'Kamren','Breitenberg','becker.kyra@example.org',89513803940,'5733c0faf9a3439a396a284b608dfe1702152a18'),(51,'Iva','Dietrich','dannie63@example.org',89916480272,'a184679060330933dfe6614ca945150996407cdc'),(52,'Jacques','Stiedemann','gcartwright@example.com',89529953397,'14806128e4f3ea8adde9b99b4e58bfec8288fde3'),(53,'Pierce','Leuschke','ddeckow@example.net',89038459416,'1b6897fdec7bc30573ffdf750b79586d0b2e4e68'),(54,'Vallie','Altenwerth','lyda.mraz@example.com',89183182944,'51c7240cc4ed0d9480fb6690ed161ecd590cfb4a'),(55,'Conner','Bauch','evalyn89@example.org',89840298994,'88d6fd749756c8f5f279e1685e18c08dea85f2ae'),(56,'Dustin','Vandervort','sdaniel@example.com',89757876477,'1b1af9eda6402dde8bba697769d760eb68e1b86b'),(57,'Axel','Ziemann','ward.eriberto@example.com',89256759879,'1c41c32122e7c28b77ee76c2b01c807a086ecf98'),(58,'Shaun','Jerde','kristopher.leannon@example.net',89486792756,'f9cda03705eba102be55a2520d3f01c3b6ed5505'),(59,'Antonietta','Powlowski','madyson89@example.net',89024177588,'a1730c096e1f31411a455b1be559f09221622e7d'),(60,'Filomena','Marquardt','lisette09@example.com',89550331203,'ee0b9d043b2c24875c26de952fde2ad92a2deb26'),(61,'Shaina','Hermiston','keeley55@example.org',89997633556,'4ac551a7e36980cf9067779e6b1801c2660a9886'),(62,'Jonathon','VonRueden','adela.douglas@example.com',89718904884,'0183d84ce58a08aa295fe45e66fd38252fc60448'),(63,'Ciara','Gottlieb','linda.pacocha@example.org',89623335227,'4bc33f4c6537b21148bf89d77f69598c965b32ba'),(64,'Garry','Reynolds','gherman@example.org',89972089785,'85293d3ead5626e288126844af8207fe5d3583af'),(65,'Saul','Kilback','juliana17@example.net',89487696850,'d8dc900f73c6bf4e85d3945b914496e43ca026e5'),(66,'Ward','Glover','freddy83@example.com',89324830874,'1768dbf63bfa43623a5fa07d5a7255025397abdd'),(67,'Casey','Kerluke','breichert@example.com',89709619977,'edcd4cb4dcf6a71f6c53fa7cf4a1207f82b2d130'),(68,'Pete','Bode','parisian.francesco@example.org',89388928139,'3824f2e76e9459d4b959f72285ac5d3b9b99953a'),(69,'Eugenia','Lubowitz','naomi.ondricka@example.org',89002824393,'b2aea28364d1871aaa6fba4c6d07e06698aeb1d8'),(70,'Jarrett','Krajcik','cassie.deckow@example.org',89096906007,'76df85acb0e417771d636d4da69ed8c4bf40f4c2'),(71,'Idella','Fritsch','ucole@example.com',89819853719,'7df539945edbd13f5d4b4342ad410aff592cd4dc'),(72,'Bryce','Lakin','vbernhard@example.org',89866091114,'6066e21d865b8959d3bd8a11fca22612f0809e9c'),(73,'Marcella','Lang','destinee.lemke@example.org',89147340532,'f7b3748d3a6af706f2787fec07cec8380ecf3ef3'),(74,'Amiya','Boyer','zhamill@example.org',89559219260,'c1e334a0214c21f8e67410f1eb17398275ddfb01'),(75,'Shanel','Mayert','brisa.windler@example.net',89665741849,'060083b2c15ce50416c4d3c21981ea2eb9ea7922'),(76,'Werner','Conn','june.cartwright@example.net',89231361603,'772e60a5f3625012a757f37e370c48ccdc140dce'),(77,'Antonette','Walker','rosalia.bashirian@example.org',89157305327,'47483336bad3dacf4fae9de4c6bcb116c14a3f7d'),(78,'Ana','Moore','ujohnston@example.net',89199326832,'ea835f6a7c71be2dfd6df4eb6f0b8fd3a9e90168'),(79,'Jalon','White','orn.emilie@example.net',89251401645,'3983f6561595b57b63677be3d2175097ac7b4085'),(80,'Lyla','Armstrong','maybell.abshire@example.com',89659297661,'dc3d1b29df6f1b2abb7b505f8fded5c00dfe8f4b'),(81,'Cletus','Ondricka','xmclaughlin@example.org',89147067843,'f7ca938d9a448a89721b416f1f26a68289d3e7be'),(82,'Charity','Grimes','gerhold.jordy@example.com',89614643678,'955c00f6d9e331f020a3586b42995bd75f19090e'),(83,'Elta','Dibbert','borer.taya@example.org',89414801447,'2f788bc84ae463629e4ffa1bc030b71b0de915af'),(84,'Terry','Koepp','antonio.kuhlman@example.net',89347801217,'fdf10f5462c1d0a830654198208d9395e2aefad9'),(85,'Jayce','Ratke','anais91@example.com',89400037372,'d30a4269f44fee2ec05c6f454da904e2a908c2df'),(86,'Carmine','Quigley','christiansen.wendell@example.org',89865672708,'6f9fa573c70ba60f0576b82af60873f7289751a0'),(87,'Tatyana','Kshlerin','murphy.ted@example.com',89203544089,'6141d01ced290eb1642a526a79a459c78bb10ace'),(88,'Lavinia','Macejkovic','ekrajcik@example.org',89078205006,'862e8d21f223836f7a301ea0118f26002fe5a8bf'),(89,'Emiliano','Kuhlman','seichmann@example.net',89736534208,'3b42f98dea021f071447d64d0f301fc6da0b17b2'),(90,'Florian','Tremblay','abshire.erika@example.com',89530440406,'ec66bec559ab9662771bd888a92246a12367984f'),(91,'Jessika','O\'Hara','senger.clay@example.com',89805655044,'bb5db7fa5f204b0f1efd9a2c04a7aace618f36db'),(92,'Gerry','Rolfson','abdul90@example.org',89849260965,'bdf2dd29d5bee87cd313d346d276dbbe9ed05ca6'),(93,'Alec','Pfannerstill','simeon54@example.com',89471219415,'6cd44f066880eea36a2cda66eb64b80dadfc6e33'),(94,'Margarett','Koepp','kaycee.hand@example.com',89484613272,'5bdd4e4da1a356184b259eab9d94f1c8cf64500c'),(95,'Travis','Heathcote','nikolaus.eloise@example.net',89748276035,'046dcac570e6038a36276c0bc6b19196541004e4'),(96,'Polly','Herman','beer.delilah@example.org',89413018350,'405dd1c071ea6f6554a93e2b8762baae3deb812d'),(97,'Eugenia','Lang','jessy53@example.net',89541451713,'31af166078073a1a46c6513b232b437238fe302a'),(98,'Aniyah','Yundt','susie.runolfsdottir@example.org',89943950715,'e7d620f9422f9d5a91a55034c1c02ad8ed6b689b'),(99,'Kenya','Rice','hailie00@example.org',89402265756,'129386e49a70037c18e4cf76fc35cea6b17b8f89'),(100,'Lelia','Denesik','tomasa.donnelly@example.com',89328720089,'3697783fa736fb64e629dcbc2149eddd308eee61');
INSERT INTO media_types VALUES (1,'Video'),(2,'Audio'),(3,'Photo'),(4,'Image');
INSERT INTO media VALUES (1,1,1,'Maiores corrupti vero porro vitae quia officia earum. Dolore ipsum veritatis ullam sit saepe. Repudiandae porro ab non tenetur. Illo fugiat sit eligendi.','suscipit',NULL),(2,2,2,'Ab enim tenetur voluptas sint in. Ratione autem voluptatem quas quisquam. Ex exercitationem cumque et molestiae et nulla. Repudiandae saepe culpa vel tempore fugit.','a',NULL),(3,3,3,'Pariatur quo saepe deserunt. Earum ratione maiores temporibus nisi commodi sunt. Saepe velit aliquam est cum voluptatem voluptas.','asperiores',NULL),(4,4,4,'Necessitatibus aut ratione ad perferendis ad voluptatem ad. Aut in eum repudiandae et deserunt. Ipsa aliquid est assumenda sed dolorem molestiae. Provident sit eos eaque et.','facere',NULL),(5,5,1,'Magni placeat hic deserunt odio ad repudiandae. Illo alias vitae quasi. Ea eum omnis nemo pariatur velit.','ipsam',NULL),(6,6,2,'Ea unde facere hic aspernatur maiores eos nihil. Animi nobis illo sunt perferendis culpa voluptatem et eos. Dolorem numquam sunt omnis adipisci non soluta maxime.','cum',NULL),(7,7,3,'Molestias quidem id ipsa magni deserunt quos. Voluptatum earum corporis nulla dolores. Sequi sint est enim nisi consequatur quam. Aut nam consequatur aliquam consequatur.','eveniet',NULL),(8,8,4,'Est facilis quisquam sunt hic. Rerum dolores saepe magnam incidunt fuga ea sed officia. Similique omnis esse quo molestiae tempore rerum. Quae quidem eum minus quia.','occaecati',NULL),(9,9,1,'Sint et omnis eligendi in. Pariatur culpa velit vitae neque in ipsam. Aut sed facere suscipit repellat itaque. Architecto ut id sunt blanditiis est.','blanditiis',NULL),(10,10,2,'Et odio assumenda et tempora eveniet consectetur. Tempore quia beatae ut qui. Suscipit eveniet corrupti dolor hic. Ut et molestiae minus quas ad quas rerum.','provident',NULL),(11,11,3,'Architecto nesciunt sit architecto fugit nostrum reiciendis. Pariatur eum nihil distinctio perspiciatis accusantium tempore dolor. Molestiae amet a aut harum aliquam officia est.','tenetur',NULL),(12,12,4,'Possimus repudiandae rerum ut reiciendis quidem explicabo perspiciatis consequatur. Provident quod deserunt omnis est. Ipsa beatae voluptatem non. Maxime accusamus dolore blanditiis voluptatem.','praesentium',NULL),(13,13,1,'Natus minus et quod odio nostrum et amet. Necessitatibus quo enim delectus consequatur consequatur repellendus magni. Et beatae tempora tempore in. Molestiae placeat perspiciatis a aut porro sequi velit.','culpa',NULL),(14,14,2,'Sed ut sed nulla ut autem sint quos. Architecto commodi iste dolorum quia maiores. Quo est facere eveniet aspernatur ex. Soluta quo odit consectetur voluptatem.','totam',NULL),(15,15,3,'Rem facere iusto saepe inventore dicta sit. Qui dolor recusandae itaque nihil. A beatae corrupti error sit non.','ut',NULL),(16,16,4,'Eum commodi alias veritatis quas eveniet eius. Eius laborum nihil et ut. Ea eum voluptas rerum dolor. Cupiditate at quas deleniti repudiandae omnis.','quas',NULL),(17,17,1,'Aliquam eaque ipsa magnam labore iusto suscipit non blanditiis. Numquam et tempora possimus hic debitis at maxime iste. Laudantium ducimus vitae dicta.','dolores',NULL),(18,18,2,'Reprehenderit at sunt facilis est. Consequatur et quibusdam culpa qui unde. Laborum non consequatur sint dolorem iste maxime et.','deleniti',NULL),(19,19,3,'In eaque modi assumenda architecto quasi. Sunt et nemo fugit ut incidunt. Voluptatem rem sint alias dolores. Est nesciunt aut illo.','quo',NULL),(20,20,4,'Voluptatem asperiores reprehenderit itaque voluptatibus repellendus ea laboriosam et. Rerum mollitia dolor iste beatae. Tenetur voluptatem temporibus voluptate odio. Perferendis dolorem occaecati eos praesentium soluta.','consequatur',NULL),(21,21,1,'Maxime et voluptatem ea inventore omnis. Laborum mollitia quam fuga impedit dolore. Ut quidem dolore unde pariatur reiciendis quasi et perferendis. Aut quasi sed ut consequatur ipsam quidem.','qui',NULL),(22,22,2,'Voluptas omnis sed eum harum sequi fuga. Eos quia quis delectus ex ea. Soluta rem dolores vero voluptatem suscipit aperiam sit. At dolores aliquam beatae temporibus.','laborum',NULL),(23,23,3,'Dignissimos et id ut tenetur odit. Autem libero fugiat sit odit in. Aut amet rerum rerum tenetur voluptas aut quasi. Perspiciatis deserunt dolorem qui non asperiores praesentium id. Quo ut est cupiditate laudantium.','id',NULL),(24,24,4,'Nisi nemo fugiat magnam. Assumenda et nulla voluptatem molestias. Non voluptate quia ut id eos nihil. Eos architecto ullam et porro.','sequi',NULL),(25,25,1,'Pariatur non magnam illo atque ea. Dolore provident facilis expedita ut. Corporis voluptates sint neque ipsam. Quis et impedit nemo ut.','est',NULL),(26,26,2,'Autem iure quia possimus. Dolores cum suscipit dolor nam et. Consectetur id natus soluta soluta nihil ducimus quasi. Fugit eaque eaque quam amet. Et et dignissimos at debitis provident dignissimos repudiandae alias.','ab',NULL),(27,27,3,'Quae animi voluptas vero nemo aut quae modi. Sequi tempora et voluptate repellendus voluptatem laudantium. Quisquam asperiores officia ipsa dolores modi illo vitae.','corrupti',NULL),(28,28,4,'Sequi dicta alias id voluptatem sint perspiciatis est. Id assumenda odit possimus pariatur aut qui dolorem. Ullam est eum rem. Officiis ut velit perspiciatis incidunt tenetur incidunt. Aut nihil eius molestiae.','magnam',NULL),(29,29,1,'Facilis autem vel est minus modi fuga qui expedita. Quam qui qui quia. Repudiandae ducimus soluta assumenda et rerum expedita. Id et quas laudantium dolorem alias.','perspiciatis',NULL),(30,30,2,'Ipsa molestiae sed explicabo aut. Omnis in sunt et culpa. Mollitia impedit incidunt quod ratione nostrum qui.','perspiciatis',NULL),(31,31,3,'Fugit tempore nisi iure eveniet inventore iure cumque. Non qui aliquam eum est. Accusamus possimus beatae pariatur expedita a.','explicabo',NULL),(32,32,4,'Et itaque totam ipsa optio commodi sit iure. Neque consequuntur officia vel dolorem. Officiis officia quae excepturi dolorum pariatur eum quo. Sit tempora eaque quo unde rerum atque nihil.','dolorum',NULL),(33,33,1,'Perferendis molestiae labore at eos. Voluptate quis illum illum quaerat minima expedita qui possimus. Enim qui quod blanditiis at perspiciatis voluptatum.','assumenda',NULL),(34,34,2,'Aliquam molestiae fuga incidunt sit qui. Omnis quos dolores voluptas ut qui. Praesentium et in est repellat nostrum quae saepe numquam. Iure iure quis amet quas.','nobis',NULL),(35,35,3,'Dolorem nihil ab quia. Nihil dolorem nemo minima sed praesentium. Commodi sit quia esse expedita officia ullam voluptatem nobis.','corporis',NULL),(36,36,4,'Quasi vel rerum eveniet atque facere ratione saepe a. Alias nesciunt architecto qui. Placeat delectus soluta esse doloribus. Possimus mollitia nesciunt et iure libero quisquam tenetur sit.','nulla',NULL),(37,37,1,'Sapiente fugiat dicta dolorem odit dolores non quibusdam. Et dolore a a quasi iste. Nihil numquam quas ut perspiciatis aliquid dolorum.','neque',NULL),(38,38,2,'Ut laborum fuga nemo qui culpa nihil beatae. Quia eos voluptatem corrupti. Culpa consequatur perspiciatis id aut quisquam recusandae.','necessitatibus',NULL),(39,39,3,'Qui et laudantium fugit vel eos. Natus reprehenderit quis sapiente et quia rerum. Dignissimos qui pariatur nihil laudantium soluta voluptatem sed.','quia',NULL),(40,40,4,'Sint labore quae sed eos in. Odio animi architecto officia explicabo quae nobis velit.','illo',NULL),(41,41,1,'Magni rerum ipsum exercitationem consequatur dolorum eligendi recusandae mollitia. Ut porro aperiam perspiciatis consequatur soluta. Laborum voluptatem sunt id asperiores non sequi. Culpa omnis aperiam eos laborum.','nisi',NULL),(42,42,2,'Vel alias nihil perspiciatis natus. Quia mollitia quas nostrum repellat sed. Ex et exercitationem eius veniam aliquam molestiae dolorum recusandae. Ut consectetur possimus commodi est.','illo',NULL),(43,43,3,'Consectetur est quos magni in. Odit a ratione autem ut. Explicabo odit dolores quia nesciunt quod libero. Animi dolor aut sed blanditiis sunt.','autem',NULL),(44,44,4,'Et quo ducimus blanditiis sit. Tempore id enim repellendus odio maxime. Voluptate dolorem eaque laborum qui.','repellendus',NULL),(45,45,1,'Ducimus ipsam qui deleniti. Architecto aut optio necessitatibus eum quasi in. Sit dolor numquam quia eos id.','laudantium',NULL),(46,46,2,'Aut laboriosam iste vero enim. Iusto possimus beatae qui ab quia pariatur. Ipsam labore ut maiores quis aut quisquam repudiandae.','natus',NULL),(47,47,3,'Vitae voluptatem qui vel repudiandae aliquam. Cumque numquam exercitationem magnam aut tempora eaque nemo accusantium. Rem quibusdam recusandae itaque rerum ad cumque. Qui deserunt doloremque assumenda est itaque error.','accusamus',NULL),(48,48,4,'Nostrum illo eum qui. Aliquid accusantium ipsum illo maxime rerum beatae illo. Commodi qui ea quasi aut aut architecto aspernatur velit. Quod placeat a inventore et voluptas est laudantium repellat.','sequi',NULL),(49,49,1,'Autem exercitationem voluptas ut molestiae sapiente et. Reiciendis iusto autem quibusdam ut. Numquam voluptas voluptatem officia doloremque. Aliquam soluta non impedit et.','aut',NULL),(50,50,2,'Fugit earum id excepturi perferendis vero. Deleniti mollitia inventore dicta reprehenderit dolores.','ut',NULL),(51,51,3,'Voluptatem totam inventore voluptatem. Iure quam temporibus soluta maiores sint maiores similique optio. Omnis dolor est officia. Rem cum sit amet earum accusantium et harum molestiae.','voluptatem',NULL),(52,52,4,'Minima qui dicta temporibus voluptatem. Temporibus non dolorem consectetur ut cum ullam quo ut. Facilis nisi ut corporis placeat blanditiis aut harum.','eaque',NULL),(53,53,1,'Soluta perferendis omnis et dolorem quisquam suscipit. Facere voluptas molestias ipsum dolore voluptatum veritatis. Id nisi modi iste aut id exercitationem sit voluptatem.','et',NULL),(54,54,2,'Minima ut repellat necessitatibus fuga eligendi in molestiae. Id similique in labore officia maxime expedita. Deleniti quis et magnam unde corrupti non. Nam dignissimos est voluptatem facere possimus laborum.','voluptates',NULL),(55,55,3,'Beatae eveniet officia repudiandae sed molestiae. Aspernatur dolor et ipsum debitis ad. Est ut in ea aperiam.','vero',NULL),(56,56,4,'Dolor illo quibusdam eaque dolorum recusandae nostrum. Iusto ut temporibus a incidunt laboriosam expedita. Qui quis consectetur consequatur dolores qui excepturi. Vero rerum sint iure quisquam voluptatem fuga quod voluptas.','omnis',NULL),(57,57,1,'Numquam a ducimus placeat tenetur. Quisquam sapiente rerum itaque culpa. Eligendi repellat earum veritatis consequatur.','magni',NULL),(58,58,2,'Labore deserunt tempora ea sed iste omnis saepe. Eum quod repellat veritatis itaque repellendus hic laboriosam. Et error necessitatibus sed ut accusamus tempore reprehenderit. Distinctio ratione sint consequuntur laudantium.','voluptatem',NULL),(59,59,3,'Adipisci veritatis dolor et commodi ea ea similique labore. Sint tempore nihil temporibus quo. Quam velit soluta alias. Sit voluptas qui ex impedit.','reprehenderit',NULL),(60,60,4,'Sapiente sunt ea quis aut unde. Impedit aperiam nulla nihil ea ut at. Et dolorem enim qui consequatur quaerat omnis velit. Id enim magnam distinctio sed voluptas.','aut',NULL),(61,61,1,'Cum velit et est et. Non sint voluptatibus corrupti nihil sit necessitatibus qui. Ea quis quia repellendus dolore. Corrupti ut eos nesciunt dignissimos.','vitae',NULL),(62,62,2,'Velit quo vero id ex. Dolorem corporis et culpa perspiciatis laudantium sed fuga. Quisquam aut impedit molestiae enim. Delectus non harum assumenda facilis facilis ullam quo.','nobis',NULL),(63,63,3,'Repellendus quo quasi id eos accusantium sed aut. Quia eius tenetur adipisci eum ipsa recusandae. Quisquam magni voluptatibus vitae eos et eum.','animi',NULL),(64,64,4,'Quo nemo cum odio totam sunt atque explicabo. Ut dicta accusamus esse incidunt aliquid aliquam temporibus. Incidunt aspernatur blanditiis cum eos ullam. Voluptatem sit qui quas inventore omnis.','voluptatem',NULL),(65,65,1,'Magni voluptas laudantium ipsum molestiae. Aut nihil eos error eum.','voluptatem',NULL),(66,66,2,'Quam rerum delectus reprehenderit quia cupiditate autem. Eligendi ad veniam consectetur. Expedita nihil at quisquam.','ut',NULL),(67,67,3,'Laudantium a ipsam temporibus dicta aperiam optio animi. Eum ipsum non voluptas vero recusandae. Et aliquid consequatur expedita dolores.','earum',NULL),(68,68,4,'Aliquam aut quo recusandae id recusandae voluptatem. Sunt expedita illo sed cupiditate maiores. Aliquid beatae commodi quae animi et eum. Enim consequatur illum est doloribus pariatur.','maxime',NULL),(69,69,1,'Et debitis adipisci porro quidem consequuntur commodi qui. Doloribus voluptatem amet maiores excepturi atque animi deserunt. Porro sunt expedita in quis. Molestias ut accusamus sed esse sapiente magnam in at. Non eveniet nemo expedita doloremque molestiae.','dolorem',NULL),(70,70,2,'Doloremque adipisci est vel occaecati at eum qui quia. Ab cumque expedita voluptas et aspernatur ad sit. Molestias qui qui et tempore molestias quae rerum. Pariatur dolorem vitae cumque recusandae vel quasi voluptate explicabo.','expedita',NULL),(71,71,3,'Alias nesciunt est eveniet architecto et aut. Sit ut autem impedit culpa sit ullam porro. Culpa delectus cupiditate quis. Non dolore veniam eius perspiciatis qui quam.','corrupti',NULL),(72,72,4,'Velit magnam porro autem in magnam dignissimos cupiditate. Quos occaecati veritatis aspernatur porro amet eum. Qui molestiae minus esse molestias. Nam reiciendis recusandae facilis quisquam voluptatem earum consequatur.','autem',NULL),(73,73,1,'Suscipit ipsam rerum quia voluptas porro culpa sed. Sequi eaque occaecati corrupti vitae. Et voluptatem ut quis ut porro aut hic.','in',NULL),(74,74,2,'Blanditiis veritatis fugiat id. Fugiat ratione in debitis quia. Unde dolorum ea rerum veniam consequatur dolorum autem qui. Maiores molestias qui nihil aut.','rerum',NULL),(75,75,3,'Culpa possimus nisi impedit doloremque. Minima non in ea voluptatem aut quae. Labore est aut et dicta esse ea. In est non beatae ullam sapiente voluptatibus.','hic',NULL),(76,76,4,'Beatae velit quas a cum cum. In sequi iste quae natus quod.','enim',NULL),(77,77,1,'Ducimus qui ipsam quia aut ipsa sed. Dicta et odio officiis tempore facilis ad.','debitis',NULL),(78,78,2,'Enim labore ut est error amet dignissimos. Nihil eos facere aut pariatur. Et minus rerum et consequatur quibusdam neque.','necessitatibus',NULL),(79,79,3,'Nobis distinctio voluptates impedit. Possimus non non qui maiores. Vel doloribus ea eum. Rerum nihil voluptatum vitae perferendis quia vitae et blanditiis.','porro',NULL),(80,80,4,'Vel impedit ea et nisi rerum velit dolores. Tempore reiciendis provident dolorem distinctio. Ullam sit omnis dolorem sit et atque magnam debitis. Velit animi dolor iusto. Quis doloremque tempora earum nobis sit eos.','animi',NULL),(81,81,1,'Quisquam dicta alias rerum quia repellat enim veniam consequatur. Molestias numquam harum autem consequatur. Ullam nihil eius quia itaque voluptas aut voluptate.','aut',NULL),(82,82,2,'Veniam quasi et veniam et praesentium. Rerum quibusdam nesciunt molestias quis debitis ab accusamus. In soluta ut qui. Omnis omnis porro ab pariatur sit et rerum.','et',NULL),(83,83,3,'Consequuntur cum repellat nostrum quibusdam est veritatis suscipit. Eius animi accusamus soluta sapiente quos ut dolorum. Est iusto aperiam earum aut. Magni mollitia alias et animi odio.','non',NULL),(84,84,4,'Rem quasi quae aspernatur vel aut consequatur. Omnis sint non quo accusamus alias mollitia fugiat aut. Provident et asperiores doloremque illum porro sequi. Est voluptates et sed voluptatem.','debitis',NULL),(85,85,1,'Et deleniti eveniet assumenda. Ipsum possimus cum exercitationem aut nam odio. Quos dolores quia error soluta velit quam repellendus ipsum.','sit',NULL),(86,86,2,'Nesciunt sunt velit quidem possimus. Molestias ullam blanditiis et repellendus temporibus. Accusantium sit occaecati atque laboriosam vero excepturi aliquid. Rerum sapiente reprehenderit earum saepe.','labore',NULL),(87,87,3,'Quaerat ea nesciunt fugiat. Quo dolorem aut repellat explicabo minus rerum delectus. Aut dolor quis minima qui eum. Eos eligendi repudiandae in nisi nesciunt non. Accusantium quod doloribus aut rerum iusto reiciendis fugiat.','atque',NULL),(88,88,4,'Ab accusamus est reprehenderit quas voluptas eos eveniet. Vel qui quia aliquid consequatur asperiores. Est quo aut numquam sed. Aut illo adipisci id voluptatem officiis magnam numquam.','quis',NULL),(89,89,1,'Tempora dolores sit quibusdam et et a. Sunt et amet iste excepturi qui et. Sunt quia nemo alias labore culpa cupiditate. Culpa doloribus sed tempora nam corrupti.','non',NULL),(90,90,2,'Quia consequatur nostrum asperiores debitis deleniti. Quia dolor in ratione non ullam quisquam eos.','explicabo',NULL),(91,91,3,'Sint optio voluptas enim. Molestiae molestiae hic enim aut dolorem eos illo itaque. Necessitatibus quibusdam qui eligendi atque sunt veniam. Est libero quia sit sed impedit et qui.','nam',NULL),(92,92,4,'Dolores odit nemo et eius vitae. Et saepe et iure qui consequatur accusamus sint. Numquam ea reprehenderit possimus non magni qui non. Est et enim est esse hic id blanditiis nobis.','illo',NULL),(93,93,1,'Doloribus consequuntur est velit qui eum. Quis qui error reiciendis fugit dolores eaque quia. Animi aliquam qui quasi vero iusto voluptate minus.','ad',NULL),(94,94,2,'Iste consequatur voluptates similique enim error voluptatum eum non. Quia in et adipisci quo enim. Aliquid ut nihil tenetur. Harum ab aliquid excepturi reiciendis enim soluta.','est',NULL),(95,95,3,'Libero natus natus dolores sunt quo amet. Veritatis amet ipsam esse. Et minima et qui sunt voluptate doloribus natus deleniti. Debitis quo distinctio porro voluptas atque.','aut',NULL),(96,96,4,'Mollitia cumque officia fugit assumenda consequatur. Commodi dolorem officia eos explicabo quos. Velit unde et beatae libero atque. Quas incidunt rem incidunt.','qui',NULL),(97,97,1,'At doloribus consequatur corrupti sint quia neque. Quod voluptas nemo ad et hic porro architecto. Et porro incidunt asperiores est commodi. Vel perspiciatis natus sint qui commodi.','pariatur',NULL),(98,98,2,'Nisi accusantium animi vitae incidunt velit. Quam at repellat est occaecati minus. Laudantium tempore animi et optio. Qui excepturi voluptatem distinctio nesciunt nihil dolorem quis rem. Ex impedit ea voluptatem exercitationem nobis fugiat consectetur accusantium.','ut',NULL),(99,99,3,'Vitae omnis voluptas dicta voluptas. Aut eum iure sit in repellat. Ut maxime corporis quaerat aut modi cum nostrum.','ut',NULL),(100,100,4,'Nobis nam quidem quasi est sed id saepe. Nam ipsa molestiae explicabo deserunt iste. Ut sed consequatur perspiciatis dicta et quidem. Et sunt eaque quidem qui.','excepturi',NULL);
INSERT INTO communities VALUES (1,'sunt',38),(2,'occaecati',37),(3,'sint',36),(4,'nobis',99),(5,'omnis',17),(6,'earum',95),(7,'eligendi',43),(8,'rerum',88),(9,'aut',56),(10,'explicabo',63),(11,'accusamus',88),(12,'suscipit',97),(13,'iste',94),(14,'quas',81),(15,'provident',54),(16,'eos',87),(17,'perspiciatis',31),(18,'ut',38),(19,'soluta',29),(20,'modi',26),(21,'similique',17),(22,'dolor',31),(23,'ducimus',38),(24,'laboriosam',91),(25,'eveniet',76),(26,'atque',24),(27,'suscipit',37),(28,'consequuntur',5),(29,'aut',34),(30,'velit',78),(31,'quia',85),(32,'consequatur',50),(33,'asperiores',28),(34,'necessitatibus',64),(35,'voluptates',57),(36,'est',21),(37,'qui',12),(38,'quos',62),(39,'corrupti',99),(40,'nulla',48),(41,'voluptatem',77),(42,'consequatur',75),(43,'accusamus',8),(44,'voluptatem',42),(45,'rerum',62),(46,'sed',51),(47,'facere',21),(48,'distinctio',48),(49,'id',7),(50,'ullam',5),(51,'culpa',90),(52,'recusandae',5),(53,'explicabo',88),(54,'placeat',15),(55,'suscipit',97),(56,'et',8),(57,'vitae',22),(58,'neque',13),(59,'quisquam',88),(60,'enim',82),(61,'sed',55),(62,'dolorem',96),(63,'suscipit',59),(64,'qui',34),(65,'aut',90),(66,'maxime',10),(67,'excepturi',49),(68,'quo',10),(69,'ab',33),(70,'nostrum',13),(71,'repudiandae',4),(72,'asperiores',43),(73,'accusamus',64),(74,'voluptatum',85),(75,'ea',31),(76,'laborum',16),(77,'perspiciatis',41),(78,'provident',4),(79,'repellat',34),(80,'doloribus',69),(81,'et',25),(82,'culpa',48),(83,'nihil',98),(84,'at',83),(85,'laborum',10),(86,'et',9),(87,'aut',1),(88,'in',90),(89,'nostrum',10),(90,'beatae',55),(91,'similique',39),(92,'ea',25),(93,'temporibus',7),(94,'repellendus',12),(95,'eaque',53),(96,'dolores',90),(97,'corrupti',52),(98,'omnis',16),(99,'vero',39),(100,'et',39);
INSERT INTO users_communities VALUES (29,72),(51,26),(1,81),(14,29),(44,90),(95,39),(35,55),(96,10),(86,74),(16,66),(45,63),(6,45),(34,19),(63,56),(9,19),(74,51),(30,42),(47,35),(59,31),(35,11),(6,38),(80,25),(26,51),(65,65),(29,84),(75,96),(41,31),(15,24),(53,67),(18,70),(33,48),(43,35),(45,99),(67,25),(66,17),(8,48),(51,80),(100,64),(60,64),(64,23),(56,49),(49,29),(24,69),(7,71),(72,16),(24,76),(93,25),(10,68),(56,20),(53,67),(40,77),(84,37),(52,70),(51,6),(73,53),(10,80),(66,15),(73,27),(62,29),(19,84),(75,60),(35,14),(67,54),(31,70),(86,100),(42,92),(90,6),(55,34),(46,27),(31,60),(71,19),(1,26),(5,63),(15,56),(97,67),(20,64),(89,91),(20,53),(41,20),(40,85),(81,32),(4,38),(79,46),(91,45),(94,86),(47,10),(6,27),(88,69),(23,83),(57,74),(64,83),(76,92),(31,35),(42,58),(71,15),(60,12),(50,81),(30,25),(99,4),(21,21);
INSERT INTO likes VALUES (1,92,19),(2,93,59),(3,63,23),(4,46,21),(5,71,54),(6,64,43),(7,61,50),(8,16,85),(9,81,75),(10,53,18),(11,49,8),(12,42,29),(13,46,86),(14,76,52),(15,14,5),(16,30,39),(17,60,70),(18,7,77),(19,28,36),(20,96,73),(21,38,25),(22,1,15),(23,53,82),(24,33,24),(25,28,71),(26,26,25),(27,32,30),(28,4,17),(29,97,48),(30,69,46),(31,59,14),(32,48,43),(33,38,90),(34,14,37),(35,60,60),(36,31,92),(37,88,16),(38,67,22),(39,78,72),(40,88,26),(41,80,80),(42,37,97),(43,81,39),(44,35,94),(45,83,91),(46,68,67),(47,52,21),(48,56,10),(49,64,12),(50,90,5),(51,22,85),(52,47,43),(53,8,42),(54,69,46),(55,13,91),(56,93,88),(57,50,97),(58,55,73),(59,72,55),(60,32,67),(61,34,86),(62,67,36),(63,64,94),(64,49,51),(65,31,42),(66,95,68),(67,89,29),(68,92,93),(69,8,69),(70,39,5),(71,40,82),(72,92,59),(73,96,47),(74,14,78),(75,39,94),(76,24,50),(77,73,100),(78,24,32),(79,54,18),(80,6,29),(81,36,33),(82,77,26),(83,91,15),(84,98,96),(85,67,71),(86,96,80),(87,65,14),(88,21,48),(89,89,3),(90,34,92),(91,90,9),(92,19,58),(93,19,68),(94,17,12),(95,57,79),(96,65,82),(97,31,30),(98,5,98),(99,79,30),(100,74,33);
INSERT INTO friend_requests VALUES (1,59,'requested','1982-04-19 02:28:03','2015-01-05 23:21:43'),(2,28,'declined','1997-10-02 19:45:01','1995-10-08 19:54:29'),(4,57,'requested','2017-05-26 20:29:48','2004-08-06 08:32:18'),(6,100,'approved','1983-03-24 14:15:00','1984-08-10 08:59:55'),(8,25,'unfriended','1988-07-07 04:42:33','1981-02-04 06:40:13'),(8,27,'unfriended','1994-12-17 15:23:50','1975-10-30 06:02:00'),(9,80,'requested','2003-02-18 12:35:27','1987-12-27 04:14:04'),(11,62,'declined','2013-12-19 03:13:30','2021-02-11 04:24:08'),(12,40,'requested','2006-12-21 06:22:17','2008-09-19 16:21:48'),(12,43,'requested','2009-06-30 09:54:51','1992-10-19 18:26:42'),(12,82,'requested','1989-06-02 18:57:52','1994-10-19 08:01:27'),(13,30,'approved','1976-01-29 00:29:52','2001-11-05 03:40:48'),(13,92,'unfriended','1993-01-05 04:54:49','2020-12-08 20:17:50'),(16,38,'approved','1973-03-05 16:51:08','1987-02-23 09:09:32'),(16,71,'declined','2007-08-26 16:28:04','1981-11-07 22:54:00'),(17,30,'approved','2012-06-06 06:20:32','2013-04-02 10:59:32'),(17,54,'declined','2011-12-04 07:09:50','2005-06-03 17:54:53'),(19,82,'declined','1989-04-27 06:37:33','2004-10-12 03:04:41'),(19,84,'declined','1992-12-03 01:41:51','2018-03-17 12:51:47'),(20,66,'approved','2015-08-19 08:30:13','1977-05-20 17:11:28'),(21,78,'unfriended','2014-12-16 11:13:39','1970-07-03 21:11:08'),(22,63,'approved','1997-10-19 20:40:51','1999-12-04 00:03:03'),(22,73,'approved','1981-08-06 21:12:59','1997-11-08 15:43:18'),(23,91,'declined','1986-08-28 11:52:46','1981-03-03 03:13:23'),(26,92,'requested','1973-11-22 01:32:45','1992-03-28 07:25:45'),(27,5,'declined','1979-02-24 16:54:58','2002-06-28 02:42:44'),(27,21,'approved','2020-04-30 22:28:12','1996-05-05 11:12:32'),(29,8,'requested','2007-05-28 13:16:19','1999-01-27 03:36:29'),(29,39,'declined','2001-02-17 04:53:52','2015-07-04 03:33:27'),(29,91,'requested','1994-08-21 09:03:37','2001-04-10 23:09:03'),(32,27,'declined','2006-04-18 01:29:37','2008-03-29 16:03:17'),(34,57,'declined','1994-10-30 21:12:56','1998-04-01 21:36:42'),(35,3,'approved','1996-06-18 14:34:11','2006-10-17 07:57:11'),(36,17,'unfriended','1991-05-05 12:41:09','1970-04-07 15:08:22'),(36,74,'requested','1988-01-14 06:15:12','1984-05-28 05:13:37'),(36,83,'approved','1984-10-06 23:07:34','2007-10-10 04:03:19'),(39,91,'unfriended','2013-05-28 13:44:56','1981-06-25 04:17:22'),(41,3,'requested','2002-01-02 08:42:46','2002-09-12 08:24:53'),(41,67,'approved','2008-09-14 01:02:56','2020-08-12 14:46:20'),(42,9,'requested','2016-06-26 19:32:56','1976-04-08 16:30:57'),(42,14,'declined','1979-08-04 12:05:10','2007-06-25 19:04:36'),(43,16,'unfriended','1978-01-01 19:44:22','1989-12-07 05:14:36'),(45,7,'unfriended','2000-07-04 05:10:34','1996-04-14 09:04:25'),(46,52,'approved','1991-01-06 13:44:44','2003-08-13 12:45:12'),(46,62,'unfriended','1994-05-24 03:10:37','1982-02-18 08:27:41'),(47,63,'approved','1989-05-11 22:13:52','2014-11-22 19:13:38'),(50,81,'approved','1991-08-29 11:00:13','2008-05-17 07:52:20'),(53,44,'unfriended','1972-04-07 06:36:50','1991-05-24 06:23:33'),(53,91,'requested','2015-02-04 11:29:52','1984-10-02 16:25:18'),(55,68,'requested','1980-01-07 11:49:36','1989-03-06 11:52:02'),(56,11,'unfriended','2005-06-23 02:22:19','1987-08-06 14:08:00'),(56,22,'requested','1989-01-05 21:01:10','1989-07-28 05:23:57'),(56,57,'requested','2013-01-02 04:36:36','1984-07-01 21:18:53'),(57,59,'unfriended','2016-04-13 13:01:32','2003-03-18 04:33:37'),(58,83,'requested','1981-08-23 20:25:05','2014-04-10 13:49:24'),(59,29,'unfriended','2013-06-25 10:47:34','2019-11-22 20:07:03'),(59,39,'unfriended','2008-02-25 21:32:14','1982-09-23 17:01:48'),(60,51,'unfriended','2015-05-06 16:23:55','1999-05-29 15:10:02'),(60,69,'declined','1983-06-25 13:02:47','1976-08-19 13:57:06'),(61,28,'approved','1982-10-31 09:17:05','1977-07-29 03:37:55'),(62,79,'unfriended','1990-01-17 10:12:35','1992-08-22 10:57:55'),(65,10,'declined','2015-01-02 23:50:38','2003-02-26 22:11:30'),(65,14,'requested','2004-02-16 11:01:05','2013-10-07 09:56:00'),(66,67,'declined','2014-08-13 08:35:40','1976-12-03 03:27:02'),(68,9,'unfriended','1999-09-25 12:29:57','1990-11-16 14:50:18'),(68,82,'requested','2012-12-28 01:19:58','2004-01-11 11:00:22'),(69,33,'requested','2000-02-23 12:09:31','2007-06-22 18:03:40'),(70,39,'unfriended','2010-05-16 23:48:45','1992-09-11 14:48:17'),(71,70,'requested','1989-06-01 04:08:05','2018-10-02 00:54:35'),(72,79,'unfriended','2005-08-15 14:25:43','1974-07-16 16:52:41'),(73,67,'unfriended','1977-05-19 04:35:28','2015-02-01 00:24:39'),(75,10,'approved','1980-03-26 10:54:29','1986-04-13 19:47:20'),(75,41,'declined','2005-06-10 18:40:20','1999-11-18 19:55:18'),(76,5,'approved','1984-09-22 12:14:50','2000-08-18 19:31:45'),(77,73,'unfriended','1985-04-17 13:27:44','1995-02-19 20:15:34'),(79,32,'approved','1991-05-05 21:30:11','2010-05-31 14:53:11'),(79,66,'unfriended','1983-02-13 08:08:30','2010-09-28 06:58:19'),(79,72,'unfriended','2012-01-24 23:58:15','1982-01-01 12:18:23'),(80,36,'approved','2011-05-15 05:10:43','1987-07-22 09:38:11'),(80,62,'unfriended','2012-09-09 05:12:01','2019-05-17 05:42:15'),(81,73,'unfriended','1995-01-18 08:55:47','1977-03-25 18:49:41'),(81,94,'declined','1995-02-19 09:45:38','1999-12-03 21:15:07'),(85,46,'approved','2003-02-17 15:23:57','2013-08-26 22:26:15'),(85,53,'requested','2013-04-25 21:47:51','2001-06-24 05:12:36'),(86,34,'approved','1996-03-25 02:07:12','2005-07-06 11:59:09'),(86,98,'declined','1992-12-02 00:46:41','2002-08-31 03:46:41'),(87,4,'unfriended','2017-07-08 05:51:34','1974-11-24 08:03:29'),(87,6,'declined','1980-02-22 05:35:22','2005-07-08 05:07:31'),(89,13,'unfriended','1990-08-05 00:40:18','1992-06-12 09:56:36'),(89,69,'approved','1990-03-07 02:46:14','1983-08-19 19:14:24'),(90,70,'unfriended','2020-11-02 00:51:59','1989-08-29 11:02:01'),(91,27,'declined','2000-05-23 23:08:48','1995-05-04 17:26:46'),(92,11,'unfriended','1979-10-04 10:18:06','1997-01-11 06:27:23'),(92,87,'declined','2001-07-13 18:31:17','2011-08-04 13:19:48'),(96,57,'unfriended','1998-12-11 21:46:13','1983-12-31 14:25:09'),(98,30,'requested','1986-06-12 14:59:38','2012-02-16 18:46:10'),(99,49,'declined','2018-02-09 16:40:57','1980-05-15 09:16:24'),(100,41,'declined','1973-02-22 01:57:00','1996-01-28 22:43:45');
INSERT INTO messages VALUES (1,68,37,'Voluptatem repudiandae voluptate est inventore sint quae est. Necessitatibus quibusdam et quo. Quo dolores suscipit ut laudantium velit.','1987-12-27 08:21:13'),(2,27,37,'Non voluptatem quas aliquam laudantium dolor deleniti blanditiis qui. Molestiae sint praesentium saepe libero et qui quos sint. Nemo fugit asperiores reprehenderit voluptatem. Voluptatem nulla harum placeat vel quibusdam aut voluptas ut.','2019-03-19 00:58:59'),(3,48,7,'Perferendis dicta facere et id ex. Asperiores vel nihil sit accusantium incidunt facere. Ut quis iusto voluptatem ipsum officiis sit.','1976-03-18 21:02:00'),(4,55,46,'Nemo nemo et blanditiis autem aut voluptas. Quidem fugiat rerum rerum repellat.','1985-09-27 14:52:11'),(5,15,50,'Quis nemo nam optio nisi. Architecto est qui libero. Non qui aut consequatur cupiditate.','1997-06-06 02:08:00'),(6,34,30,'Quod dolorem veritatis suscipit unde nesciunt architecto voluptatem. Eligendi inventore quo possimus repellendus quasi. Qui enim explicabo qui provident sequi nobis perspiciatis.','1986-06-14 16:58:57'),(7,23,88,'Ut perferendis nihil maiores repellat ducimus. Aspernatur sed sed vel nesciunt. Non et nostrum voluptatem cum est.','2019-09-08 18:20:34'),(8,19,60,'Consequuntur nihil dolorem cumque officia. Quia incidunt hic eum voluptate occaecati nam veniam. Tenetur ratione nesciunt et sed.','1986-02-01 05:45:47'),(9,43,59,'Fugiat blanditiis qui voluptatibus omnis cum. Commodi totam necessitatibus pariatur ratione itaque. Recusandae sed accusamus neque neque assumenda dolorem quas. Et aut doloremque sit impedit unde similique tenetur ut.','1997-09-12 15:51:29'),(10,64,34,'Itaque praesentium omnis illo et. Iusto est repudiandae recusandae id officiis vitae.','2007-05-29 05:39:48'),(11,80,69,'Magni cum quo in et. Suscipit accusantium labore et non. Quisquam quibusdam dolor qui laudantium saepe. Eius quisquam corrupti aut.','1971-07-14 03:56:59'),(12,96,12,'Facilis accusamus quo aut. Expedita voluptatem ut illum voluptate est nam voluptatem doloremque. Eos qui ut sed doloribus est eos tenetur.','1994-11-14 23:12:48'),(13,74,25,'Blanditiis dolorum ad quisquam debitis et. Rerum minima nostrum sit harum neque explicabo. Sunt dolorem quasi adipisci cupiditate minima. Illum eligendi tempora explicabo magni ut facilis quos. Aperiam dolor aut ut fugit id aliquam laborum.','1993-09-16 13:51:04'),(14,52,13,'Fuga voluptatem ut possimus earum suscipit at. Eos quis recusandae ad voluptate. Eum aut enim reprehenderit ullam quam eligendi dolor. Fuga ipsa dicta occaecati sequi voluptatum.','2019-04-29 05:52:47'),(15,71,24,'Et sit dignissimos tempora aut ea consectetur doloribus. Voluptas aut et dolore voluptatum non molestiae placeat. Sapiente et doloremque qui exercitationem. Sed dignissimos ut quisquam tempore. Aut non iure qui ullam quaerat voluptatem.','2002-07-05 00:06:16'),(16,43,21,'Libero voluptatem molestias aut ullam aliquid assumenda. Et a accusantium cum iure eius. Similique unde eius magnam error quo ex delectus.','1978-04-16 12:05:32'),(17,99,1,'Maxime eum quis voluptas molestiae consectetur sit. Ad deserunt nobis consequatur aperiam nostrum optio omnis facere. Et asperiores dignissimos quod error dolor consequatur. Distinctio voluptatem qui aut.','2014-03-17 22:02:38'),(18,78,80,'Distinctio dolorem ut reprehenderit quas aut. Sunt officia qui recusandae consequatur provident. Eveniet non voluptas quas mollitia non. Deleniti est odio maxime tempora.','1994-12-09 17:48:52'),(19,2,38,'Quibusdam dolorem perspiciatis quas dolor saepe ut quos. Quia quas rem dolores voluptas sapiente. Non porro beatae eos dolor corporis tempora. Sed nam nostrum saepe impedit praesentium sit.','1986-05-03 15:00:33'),(20,9,87,'Quia et dolor quisquam officia unde odit. Vel vero qui modi iure voluptas corrupti aliquam. Dolore et magni aut aut dolor dolorem. Ut qui quo molestiae dolor aut qui nisi.','1970-10-04 05:03:39'),(21,22,46,'Architecto quam consequatur reiciendis sed ab. Corporis cum quisquam sed aliquam. Numquam dolores repellat magni ut dicta.','1972-01-20 14:24:32'),(22,56,17,'Assumenda neque nihil velit voluptatem laborum. Qui voluptas dolorem quaerat qui eaque aspernatur repellat. Doloribus quibusdam unde debitis voluptas neque. Voluptas delectus aliquam in numquam qui voluptatibus error.','1996-12-27 16:38:21'),(23,99,97,'Et exercitationem laboriosam officia cumque modi dolorem voluptatum. Repudiandae porro deserunt laborum ea eius accusantium. Sequi optio sed quia voluptate veniam ea nihil. Et occaecati fugiat autem assumenda.','1977-08-17 13:32:12'),(24,44,97,'Molestiae rem rerum necessitatibus. Ullam dolores soluta laborum at quos nesciunt quo. Occaecati explicabo sed ipsa in. Placeat ut praesentium aut molestiae quos est.','2015-06-08 03:27:31'),(25,54,25,'Ipsam fugit modi quasi minima ea molestias dolores. Nulla soluta voluptatem dicta autem adipisci. Numquam officia quo qui natus enim. Ducimus magni facere assumenda voluptate commodi odio hic fugiat.','2000-06-28 09:05:08'),(26,54,38,'Esse impedit neque excepturi commodi aut doloribus consequatur similique. Voluptatem aut molestiae voluptas deserunt. Soluta odit laborum dolores sit aut qui veniam.','1970-05-16 07:00:27'),(27,13,45,'Autem quis ipsum atque aut reprehenderit. Veniam cupiditate dolorem harum et hic vitae velit. Ullam est eos praesentium sequi quis esse.','2014-10-10 15:57:02'),(28,28,19,'Tenetur rem sed alias ut maiores. Dolor iure et porro perspiciatis et quisquam rerum. Ut ut perferendis officia veniam odit atque.','2018-01-22 19:29:19'),(29,86,73,'Ducimus ea fuga quaerat voluptatibus eaque ut molestiae voluptas. Non itaque sed aspernatur numquam alias non numquam. Quis nulla ab ratione iure sit ea est.','1989-07-30 08:52:53'),(30,78,97,'Autem quae ratione autem. Laborum et officiis cum sit dolores culpa. In culpa numquam repellendus et. Dignissimos ab sit fugit sunt maiores sed qui.','2000-09-13 14:37:20'),(31,44,31,'Quod consequatur iste ut et necessitatibus. Velit consequatur eum nihil quo. Sint et officia maxime repellendus dicta consequuntur ut.','2001-07-19 05:54:39'),(32,71,55,'Eos omnis atque quia fuga. Fugiat a velit autem cupiditate est. Et corporis amet quibusdam sint assumenda. Ullam placeat voluptatibus et ut laborum neque ea.','1989-02-27 09:04:13'),(33,36,5,'Qui sapiente qui non sapiente. Exercitationem ex voluptatibus molestiae dolorem beatae adipisci. Corporis voluptatibus id ullam molestiae vel eligendi.','2014-07-25 08:42:16'),(34,21,28,'Recusandae dolorem quo assumenda quia harum aspernatur. Natus ea et nemo provident ea dolores voluptatem. Atque eveniet ex quis molestiae expedita.','1975-02-22 04:54:36'),(35,23,25,'Et quos non autem libero maxime. Sit sed quasi similique autem maiores eligendi. Vel eos quis consequuntur cumque. Distinctio itaque laudantium praesentium tenetur minus. Sequi sint possimus voluptatem similique.','1977-11-17 04:05:15'),(36,34,83,'Nobis facere placeat vel autem voluptatum. Sint dolores est fugit officia fugiat. Iure quae aperiam aut eveniet molestiae voluptas. Quidem voluptatem sint modi velit.','1987-09-19 18:29:11'),(37,8,36,'Voluptatem dolorum dolorem at neque harum. Voluptatum est ut est corrupti. Eveniet ab voluptatum aut libero dolorem.','1988-04-24 13:09:50'),(38,85,9,'Eius ipsum et accusamus est ex. Tempore inventore corrupti ad laboriosam tempora autem voluptate. Dolorem architecto eos voluptas nemo laborum repellat. Velit et sit dolorem.','2004-10-12 08:14:07'),(39,82,43,'Sint aut adipisci est ipsa. Itaque fugit temporibus blanditiis hic. Dignissimos veritatis id voluptatem a.','1990-01-22 03:06:37'),(40,52,16,'Et nesciunt ipsum et quo. Rerum qui nam odit omnis quam et qui. Ullam et provident praesentium debitis et sit. Aperiam aut architecto nam itaque in.','1999-11-30 10:36:50'),(41,14,14,'Possimus autem quo sequi facere cupiditate distinctio. Dolorum sed tempora aut assumenda architecto beatae. Perferendis earum aut qui quia optio vero.','1999-02-18 08:04:38'),(42,27,69,'Temporibus voluptate deserunt dolor unde et et dicta. Molestiae sint dolore aut rem voluptatum hic. Quia ipsa dolorem quidem sequi labore deserunt sapiente qui. Exercitationem et est deserunt blanditiis nesciunt minima ipsam.','2007-07-18 02:07:40'),(43,95,20,'Voluptatem sunt pariatur voluptas pariatur tenetur. Eum facilis quis doloribus. Beatae velit enim quisquam. Quia dolorem quasi in et iure rem sunt.','2021-01-31 23:26:58'),(44,89,95,'Veniam ex totam maxime dolorem sint eaque. Temporibus quod eum in iure ipsa saepe beatae. Ut illo animi facere et libero et.','2003-07-26 17:22:52'),(45,21,64,'Quibusdam nihil aut exercitationem. Dolores enim ut numquam doloremque consectetur nesciunt. Officiis non sit non incidunt est dicta debitis.','1975-11-29 16:33:55'),(46,56,96,'Cum esse tenetur est soluta. Quod aut ut est et. Qui saepe quia sit et quibusdam quia commodi. Eveniet sunt dolor illum at maxime ea iusto.','2010-01-28 12:30:10'),(47,49,79,'Temporibus recusandae voluptates dolores eligendi cupiditate omnis nemo. Adipisci ratione non tenetur harum occaecati. At tenetur voluptas nam minus veniam non. Explicabo eum odit perferendis nihil est dolorem numquam.','2003-05-17 16:45:13'),(48,31,93,'Culpa dolore repellat magni rerum incidunt. Molestias amet tempora quia saepe molestiae. Eaque nam est et quia corporis quis sint.','1986-09-22 04:44:46'),(49,18,78,'Voluptas doloribus et aliquam nostrum expedita et itaque quia. Molestiae odit impedit voluptatibus reprehenderit aut. Magni aperiam illo ducimus et. Exercitationem ea et molestias et a aliquid.','2008-01-24 02:56:57'),(50,43,68,'Fuga voluptatem non non deleniti omnis. Dolorem est repellendus veritatis quis sed amet dignissimos. Modi suscipit dolore voluptatem delectus molestiae aperiam placeat iste.','1977-01-29 01:44:15'),(51,48,56,'Accusamus odit perspiciatis voluptate accusantium architecto et. Ipsam eius minus esse. Exercitationem nisi suscipit minus ex aperiam quisquam sint fugiat.','1987-03-29 21:04:45'),(52,37,25,'Autem maiores quos ut et. Eum commodi aliquid modi consequatur deserunt odit odio placeat. Cupiditate delectus occaecati harum blanditiis eaque.','1974-06-12 14:04:01'),(53,26,7,'Perspiciatis omnis et id fugiat fugit blanditiis. Esse veniam assumenda nobis ducimus facere modi qui. Optio rerum suscipit aliquam dolorum qui similique vero.','1995-02-19 07:57:55'),(54,44,85,'Sed magni et repellendus consequatur. Nemo recusandae veritatis rem dolores et omnis. Molestiae mollitia ut ea consequuntur ipsum. Molestiae tempore voluptatum nemo. Harum sed nisi odio sed fugit cum.','1973-03-20 09:25:34'),(55,97,43,'Aut error saepe animi sequi dolor. Totam eius et minima. Aliquam dolores vel et culpa enim repudiandae suscipit necessitatibus.','2004-11-19 10:47:40'),(56,97,52,'Quas ut perferendis eos ut aut. Asperiores eos aliquam molestiae. Possimus itaque aliquam sed veritatis et similique.','1999-11-12 21:49:01'),(57,77,93,'Fugiat ipsum unde voluptas et. Sequi necessitatibus dolor voluptas non expedita iste quia. Tempore esse a aut illum id. Ipsa earum repellat minus necessitatibus eaque.','1973-03-04 02:52:42'),(58,80,12,'Ipsa odit omnis aut reiciendis. Consequuntur assumenda voluptas excepturi provident fugiat ad minima. Exercitationem est illum reiciendis cum. Maxime cupiditate nam voluptates est omnis odio corrupti.','1991-09-03 14:08:24'),(59,53,90,'Magni occaecati id modi. Quo magni eveniet odit fugiat ad. Et similique expedita ratione magnam vero.','2006-09-20 06:50:51'),(60,95,99,'Dignissimos sed nam qui aspernatur. Nihil libero quia sed voluptas voluptates. Nihil ut mollitia expedita facere earum doloremque praesentium.','1995-02-08 18:10:07'),(61,71,20,'At eos sunt blanditiis laboriosam. Necessitatibus sunt dolorum esse qui vitae ipsum. Ut distinctio qui consequatur ipsum enim error. Eaque animi et ratione ad in.','1981-05-30 18:30:12'),(62,86,62,'Quasi sit sapiente qui molestiae corrupti. Saepe amet dignissimos nulla aut. Minima odit magnam et aspernatur quidem veritatis maxime. Voluptatem qui provident aperiam quibusdam tempora ut sint eum.','2013-07-20 00:35:37'),(63,44,58,'Et vel enim dolores numquam excepturi eveniet. Eum rem ipsa enim atque. Odio iste voluptatum est ipsam cum dignissimos explicabo. Voluptatem dolores provident quo velit.','2011-09-29 23:52:35'),(64,16,62,'Animi aut labore et. Fugiat quia quas laudantium autem itaque. Est nisi odio aliquam est quas cumque qui at. Omnis autem facere vel ipsum et.','2008-09-04 02:13:02'),(65,77,99,'Sed ut aut quas laborum exercitationem consequatur voluptates. Facilis possimus ducimus suscipit. At ea consequatur a perferendis quis fugiat dolores. Est quis dolores debitis.','1995-04-20 13:06:19'),(66,83,36,'Praesentium voluptatem rerum possimus et dolorem. Blanditiis eaque debitis accusantium debitis nihil. Et omnis fugiat maiores qui ut aspernatur. Eaque et harum voluptate provident delectus quas nihil. Est enim nostrum tempore aut temporibus soluta.','2010-04-06 00:57:33'),(67,37,17,'Enim qui eum pariatur et vel et consectetur. Labore rerum ad et. Nemo architecto et fugit facere. Ut quibusdam ut molestias ea amet.','1991-11-16 14:54:52'),(68,27,80,'Quidem id id vitae et quisquam. Saepe nemo sint deleniti quo repellendus et quisquam. Ut eos ea deserunt aspernatur odio quia.','2003-12-11 05:15:12'),(69,16,28,'Est dolorem quos qui et. Dignissimos natus labore quia. Ut perspiciatis dolores voluptatum. Qui magni repellendus unde temporibus est qui.','2007-05-16 05:27:57'),(70,15,67,'Ut sit facere amet omnis veritatis eveniet. Dolor provident sit voluptatem illo rem suscipit. Perferendis porro beatae labore laudantium sint laborum similique. Quibusdam dolores voluptatem eaque sed facere a.','2005-11-08 03:04:29'),(71,38,12,'Nobis voluptatibus non aut sit autem quia exercitationem est. Quisquam sint quod molestias saepe officiis necessitatibus. Rerum aut aspernatur itaque fugiat ullam vitae. Quos voluptas ut praesentium culpa ad.','1973-01-10 01:58:47'),(72,78,2,'Consectetur iure tempora impedit enim suscipit accusamus sed. Modi sint et voluptatem earum quis sapiente. Occaecati dolore ullam ducimus et vitae incidunt. Amet consequatur odio veniam repellat totam nihil minus.','1983-06-14 18:38:35'),(73,67,6,'Dolores totam ab ipsum. Odio totam magni id consequatur illo. Et facere quo omnis sed qui provident velit. Nulla explicabo facilis architecto ab sequi ut voluptate.','2005-03-04 04:20:31'),(74,48,77,'Sunt earum iste laudantium a. Eos eligendi quam ratione quidem. Rerum facilis ut qui dolor. Voluptatem in est ut ducimus.','2003-12-27 08:47:48'),(75,63,60,'Est ad assumenda delectus error. Temporibus beatae officiis qui ut est. Consequatur ullam iusto sequi alias voluptatem praesentium. Sint assumenda et iusto aspernatur adipisci dolor doloribus. Et provident id magni optio voluptatibus consectetur autem.','1992-10-08 12:21:17'),(76,55,26,'Natus doloribus fugiat magni quisquam incidunt adipisci. Quia aperiam vel illum voluptas laborum. Ratione harum facilis vitae voluptas sint maxime.','2002-01-10 06:13:29'),(77,39,61,'Blanditiis quidem pariatur magni consectetur. Laudantium temporibus eaque et fugit labore et. Architecto aliquam dolorem cum corrupti. Facere aut qui id commodi aspernatur.','1974-04-26 02:12:58'),(78,16,63,'Cum nulla consequatur illum nisi quia ut dolores. Iure natus ipsum suscipit accusamus. Quos deleniti rerum dolor id aliquam ut nisi.','1981-02-12 21:28:13'),(79,76,61,'Ipsum facilis expedita ea voluptatem qui libero. Voluptates enim dolor quo sed laborum delectus autem. Omnis dolor debitis velit quia est tempora quia.','2017-09-12 20:01:39'),(80,27,97,'Soluta molestiae deleniti exercitationem. Placeat voluptatum consequuntur qui modi blanditiis officiis et.','2000-05-01 16:58:14'),(81,69,60,'Voluptatibus voluptatem dolorum quo. Ad minus quam excepturi quis deleniti. Numquam optio laudantium accusamus ipsa. Dolorum dignissimos a qui iure ab architecto magnam.','2009-12-13 17:26:21'),(82,86,46,'Nostrum quibusdam ratione excepturi rem ad quae doloremque. Tempora tempore et esse unde. Ipsum est cumque illum magni aut veritatis animi. Quisquam voluptatem consequatur velit consequatur veritatis.','1970-01-13 23:37:53'),(83,21,92,'Est non omnis quis quidem. Sequi quas consequatur unde error consequuntur consequuntur saepe. Rerum rem maiores quam quia est et. Nulla iste aperiam sint consectetur.','1986-06-26 08:22:09'),(84,38,61,'Eaque enim officiis velit sint earum omnis voluptates pariatur. Ea aspernatur libero omnis ad qui. Numquam illum sequi animi autem voluptatem. Aut consequatur vel quis quia.','1987-09-13 23:46:47'),(85,30,31,'Vel ad est modi iure officiis. Numquam doloribus est est doloremque vel enim tempore. Quasi at ipsam autem ut sapiente libero.','1971-09-30 06:47:29'),(86,37,54,'Provident vero iste facilis velit consequatur asperiores. Eos ab distinctio impedit perspiciatis. Sunt expedita accusamus veniam qui at vel odio. Qui ea facilis omnis occaecati aut adipisci.','2011-04-22 07:57:23'),(87,69,47,'Aliquid unde hic consectetur quibusdam ut nesciunt aliquam modi. Nesciunt dolorem dolorum et corporis ut qui. Tempore quasi maiores est. Id nesciunt aliquid sapiente dicta eveniet molestiae animi dolorem.','1981-01-19 17:59:37'),(88,32,93,'Quaerat ea quis porro sint ipsam dolorem corporis voluptatibus. Aut quis deleniti quia velit sed dolorum. Qui distinctio maiores velit sit voluptatibus.','1985-03-22 02:59:34'),(89,94,96,'Totam corrupti sit dolorum odio blanditiis. Voluptas quidem qui et. Debitis voluptates blanditiis debitis quo nulla. Eaque placeat porro non non. Quam modi similique dolores sed assumenda dolorem mollitia.','1989-09-16 15:30:03'),(90,94,92,'Velit sed cupiditate expedita et. Et eaque et iste et beatae. Nesciunt laudantium voluptatibus et alias fugiat corporis.','1988-07-22 08:49:24'),(91,94,27,'Et repellendus ducimus aut illum quasi suscipit. Ea libero voluptatem et. Placeat iure ea commodi illum inventore optio distinctio vero. Culpa quam ut velit velit fugiat.','2006-09-26 04:32:41'),(92,49,93,'Odio magnam laudantium non in distinctio dolore. Est optio ut voluptates fugiat doloremque necessitatibus autem ipsam. Distinctio expedita maiores quos officiis quo voluptatem non. Harum cum et nam aut nemo fuga.','2000-03-19 21:20:00'),(93,64,84,'Incidunt minus facere sed. Temporibus est consequatur in quo voluptatem impedit ea repellat. Repellat quia aliquid velit odio quasi. Sunt quia deleniti expedita neque.','1976-10-27 21:38:45'),(94,26,23,'Ex magnam est error quibusdam eos eveniet aut. Magni qui repudiandae repellat deserunt.','1993-02-23 00:16:44'),(95,41,73,'Vero voluptatem non rem iure autem. Reprehenderit ea rerum tempore cupiditate. Libero nam aut facilis consequatur. Delectus ducimus est aut aut inventore quia consequatur.','1988-06-29 14:15:35'),(96,78,69,'Omnis ut ut modi voluptatem dolore asperiores. Voluptatum et quo aut excepturi est quaerat. Rerum voluptas tempore qui eveniet. Assumenda consequatur quos rem et ut deserunt cupiditate dolores.','1999-09-13 16:18:29'),(97,80,55,'Qui quos ut praesentium tempora vitae. Voluptates vitae ullam tenetur perferendis consequatur laboriosam accusamus culpa. Quaerat aut atque qui harum nihil deleniti optio. Qui incidunt consequuntur et quo quas omnis.','2004-12-17 23:34:41'),(98,58,5,'Quaerat porro facilis illo atque omnis nesciunt voluptatem. Velit voluptas sunt blanditiis laudantium ad. Nisi accusamus vero similique amet. Voluptatem sit et molestiae aut sed et esse rerum.','1975-02-14 05:07:20'),(99,77,1,'Nulla libero omnis quaerat voluptas et omnis optio. Et natus culpa voluptatem autem tempora voluptatibus aut. Tenetur sint et fugit molestiae. Fuga tempore provident voluptatibus numquam voluptatem laudantium ipsam.','1980-12-12 16:56:53'),(100,82,38,'Et enim ut voluptatibus vero unde. Quasi et inventore alias eaque nihil. Debitis occaecati aut veniam. Molestiae voluptatibus dolor at ab eaque cumque.','1972-07-31 23:52:38');
INSERT INTO photo_albums VALUES (1,'voluptas',63),(2,'est',99),(3,'laudantium',36),(4,'temporibus',72),(5,'blanditiis',7),(6,'voluptatibus',29),(7,'perspiciatis',49),(8,'quis',35),(9,'quis',48),(10,'quae',11),(11,'unde',81),(12,'sequi',27),(13,'blanditiis',89),(14,'corporis',44),(15,'ea',23),(16,'illum',3),(17,'incidunt',63),(18,'quis',27),(19,'assumenda',89),(20,'asperiores',27),(21,'rerum',5),(22,'non',78),(23,'rerum',40),(24,'culpa',17),(25,'quidem',45),(26,'molestias',42),(27,'voluptate',87),(28,'possimus',84),(29,'odio',18),(30,'temporibus',97),(31,'quos',71),(32,'dolores',95),(33,'dolores',40),(34,'illo',53),(35,'modi',80),(36,'atque',31),(37,'enim',20),(38,'fugiat',77),(39,'hic',57),(40,'et',70),(41,'incidunt',30),(42,'iste',1),(43,'iste',86),(44,'voluptatem',63),(45,'quis',99),(46,'veritatis',42),(47,'repellat',70),(48,'eveniet',67),(49,'accusamus',92),(50,'et',28),(51,'aut',25),(52,'architecto',77),(53,'veritatis',32),(54,'neque',89),(55,'et',31),(56,'aut',46),(57,'ut',5),(58,'ut',14),(59,'quia',22),(60,'qui',51),(61,'nobis',60),(62,'soluta',83),(63,'sit',73),(64,'quis',81),(65,'sit',77),(66,'totam',46),(67,'quia',3),(68,'et',49),(69,'et',81),(70,'aut',98),(71,'consequuntur',8),(72,'praesentium',99),(73,'aperiam',93),(74,'maxime',21),(75,'eos',2),(76,'recusandae',69),(77,'fugiat',79),(78,'veritatis',27),(79,'libero',38),(80,'ullam',68),(81,'magnam',94),(82,'sint',64),(83,'vel',43),(84,'molestiae',64),(85,'ut',63),(86,'non',97),(87,'quibusdam',46),(88,'fugiat',72),(89,'explicabo',26),(90,'id',99),(91,'laborum',83),(92,'fugit',69),(93,'omnis',8),(94,'beatae',47),(95,'neque',6),(96,'et',78),(97,'neque',37),(98,'dolorem',8),(99,'rerum',79),(100,'rem',47);
INSERT INTO photos VALUES (1,1,1),(2,2,2),(3,3,3),(4,4,4),(5,5,5),(6,6,6),(7,7,7),(8,8,8),(9,9,9),(10,10,10),(11,11,11),(12,12,12),(13,13,13),(14,14,14),(15,15,15),(16,16,16),(17,17,17),(18,18,18),(19,19,19),(20,20,20),(21,21,21),(22,22,22),(23,23,23),(24,24,24),(25,25,25),(26,26,26),(27,27,27),(28,28,28),(29,29,29),(30,30,30),(31,31,31),(32,32,32),(33,33,33),(34,34,34),(35,35,35),(36,36,36),(37,37,37),(38,38,38),(39,39,39),(40,40,40),(41,41,41),(42,42,42),(43,43,43),(44,44,44),(45,45,45),(46,46,46),(47,47,47),(48,48,48),(49,49,49),(50,50,50),(51,51,51),(52,52,52),(53,53,53),(54,54,54),(55,55,55),(56,56,56),(57,57,57),(58,58,58),(59,59,59),(60,60,60),(61,61,61),(62,62,62),(63,63,63),(64,64,64),(65,65,65),(66,66,66),(67,67,67),(68,68,68),(69,69,69),(70,70,70),(71,71,71),(72,72,72),(73,73,73),(74,74,74),(75,75,75),(76,76,76),(77,77,77),(78,78,78),(79,79,79),(80,80,80),(81,81,81),(82,82,82),(83,83,83),(84,84,84),(85,85,85),(86,86,86),(87,87,87),(88,88,88),(89,89,89),(90,90,90),(91,91,91),(92,92,92),(93,93,93),(94,94,94),(95,95,95),(96,96,96),(97,97,97),(98,98,98),(99,99,99),(100,100,100);
INSERT INTO `profiles` VALUES (1,'F','New Miller','2019-07-11',7,'','2006-02-01 06:51:50'),(2,'M','South Fidelchester','1983-06-14',22,'','2010-12-31 03:59:33'),(3,'F','Lake Trevorfurt','2014-07-03',41,'','1973-06-17 19:43:24'),(4,'F','East Felicia','1974-10-10',36,'','2010-08-22 05:07:07'),(5,'F','New Frances','1977-10-01',99,'','1998-12-06 01:49:46'),(6,'M','West Laurianne','2013-07-01',49,'','1988-08-02 18:16:37'),(7,'M','Arieltown','1999-05-15',8,'','1994-08-18 06:49:27'),(8,'M','West Simeon','2005-08-14',36,'','2003-11-14 01:04:25'),(9,'M','Hubertborough','1991-01-16',93,'','1998-02-09 09:36:10'),(10,'M','West Ryleyburgh','1973-10-30',99,'','2011-06-09 14:04:42'),(11,'M','East Reubenside','1999-06-15',18,'','1977-09-24 08:09:20'),(12,'M','East Amayafurt','2016-02-21',65,'','2000-08-05 10:17:39'),(13,'F','Bellside','1982-10-02',2,'','2006-02-17 17:35:27'),(14,'F','South Sheila','1998-08-16',50,'','1971-05-06 18:00:40'),(15,'F','East Patriciaberg','1976-04-19',81,'','1986-12-15 13:13:36'),(16,'F','South Oralshire','1995-03-07',6,'','2016-06-08 07:19:48'),(17,'F','Lake Ottis','2001-10-05',16,'','2013-03-03 20:28:58'),(18,'M','West Morganborough','1993-11-29',10,'','1990-07-27 00:40:08'),(19,'M','Wisozkshire','2013-01-18',58,'','2019-10-30 09:56:46'),(20,'M','Moenburgh','1970-03-22',57,'','1990-06-16 08:42:48'),(21,'F','South Diana','2018-07-30',33,'','1975-10-28 15:30:47'),(22,'F','Stefanton','1984-01-10',37,'','2015-10-05 19:34:56'),(23,'M','North Cameronchester','2020-05-06',17,'','2005-12-10 04:30:04'),(24,'M','Pourosside','1973-07-17',84,'','1992-06-11 14:29:44'),(25,'M','West Mylesshire','2016-10-08',75,'','1996-10-21 20:31:44'),(26,'M','Bergemouth','1976-12-03',11,'','2017-10-03 22:12:48'),(27,'M','Yeseniachester','1988-01-23',7,'','2001-02-07 21:40:47'),(28,'M','Lake Chanel','1989-11-19',7,'','2015-06-08 14:57:01'),(29,'F','East Agustina','1978-03-25',57,'','2009-03-13 16:50:24'),(30,'M','Port Sadyebury','1983-07-13',35,'','1989-05-14 13:03:19'),(31,'M','Ziemeview','2012-12-22',70,'','1974-03-04 22:18:51'),(32,'F','Jaydenview','1997-05-05',33,'','2019-04-11 21:44:45'),(33,'M','Mohrmouth','2004-01-28',17,'','2006-04-04 11:08:36'),(34,'F','New Burdetteberg','1978-10-20',69,'','1997-07-09 22:57:49'),(35,'F','Kertzmannton','2003-01-28',15,'','1985-06-04 19:41:58'),(36,'M','Berniebury','2018-07-17',9,'','1982-11-29 05:46:26'),(37,'M','Quitzonmouth','1990-04-21',93,'','2006-04-23 21:08:01'),(38,'M','Vernonport','1999-03-29',86,'','1977-07-02 04:06:11'),(39,'M','Urbanberg','1981-06-21',60,'','1993-01-06 18:51:06'),(40,'F','Lake Albertoland','1978-02-11',16,'','2019-01-31 13:13:38'),(41,'F','West Nikoland','1976-04-14',88,'','1970-02-28 23:38:35'),(42,'M','East Gretaland','1983-02-26',52,'','1994-03-20 00:52:18'),(43,'M','Lake Waldo','1977-11-03',15,'','1981-10-16 21:55:33'),(44,'M','Lake Ericaside','1981-06-19',61,'','1998-10-06 08:16:28'),(45,'M','South Melodytown','1980-08-20',83,'','1973-07-14 19:26:07'),(46,'M','South Ivahfurt','2018-10-25',44,'','2012-01-19 05:45:49'),(47,'F','Lake Taurean','2020-01-03',86,'','1999-09-19 07:26:56'),(48,'F','Crystalport','1996-03-03',27,'','2001-11-02 02:20:13'),(49,'M','East Tara','2015-05-21',93,'','1982-03-13 06:41:27'),(50,'F','Sawaynville','2018-12-02',38,'','2008-09-15 23:58:17'),(51,'M','Frederikbury','2009-12-06',74,'','1982-02-08 12:42:41'),(52,'F','Baumbachbury','1981-01-20',28,'','2019-10-09 17:54:01'),(53,'F','West Cristobalview','1993-07-22',65,'','1981-12-06 11:29:18'),(54,'F','Joeshire','2003-05-28',11,'','2007-07-03 09:45:26'),(55,'M','Eldabury','1992-03-01',61,'','2008-09-11 12:10:04'),(56,'F','Fisherchester','2015-01-11',23,'','1977-03-16 12:46:44'),(57,'F','Kundestad','1974-06-19',1,'','1983-05-11 01:41:41'),(58,'F','Harberport','2002-11-22',39,'','1974-08-05 03:00:51'),(59,'F','DuBuquehaven','2015-08-07',99,'','1999-11-02 22:03:52'),(60,'F','Paxtonton','2012-06-30',71,'','2006-05-14 03:59:32'),(61,'M','Wuckertmouth','1972-07-18',55,'','2010-10-22 17:11:37'),(62,'M','North Dahlia','1976-12-08',26,'','2010-07-30 14:17:48'),(63,'M','Katrinefort','2004-07-05',41,'','2017-05-04 11:21:13'),(64,'M','Wildermanville','2013-09-15',3,'','2002-12-27 14:33:27'),(65,'F','Schambergerhaven','1996-11-22',61,'','1970-08-25 01:19:46'),(66,'F','Lake Minervaton','1977-12-30',52,'','1999-11-27 17:35:23'),(67,'M','Beckerberg','1979-10-16',98,'','1992-06-25 08:07:03'),(68,'M','Lake Nellaberg','1976-11-14',99,'','1979-04-04 05:48:20'),(69,'M','South Heatherberg','2000-06-17',75,'','1970-12-22 23:00:54'),(70,'F','West Loismouth','2014-07-31',82,'','2010-01-11 01:52:44'),(71,'M','New Hailee','2013-06-09',90,'','1996-10-08 19:25:16'),(72,'M','Ondrickaburgh','2005-09-08',42,'','2005-02-12 16:41:31'),(73,'F','East Sherwood','1997-12-03',48,'','2012-03-12 05:21:50'),(74,'F','Port Amara','1985-11-14',38,'','1977-12-05 12:07:25'),(75,'M','Lake Miguel','2019-06-11',22,'','2006-10-19 18:21:02'),(76,'F','Sauertown','2016-10-27',6,'','1988-11-23 22:58:41'),(77,'M','West Margarita','1984-04-20',68,'','1990-09-05 11:33:20'),(78,'F','Wymanfurt','2005-11-22',8,'','2007-02-02 20:55:45'),(79,'M','West Shanie','2007-09-29',60,'','1971-05-26 06:57:50'),(80,'M','Daughertychester','2018-12-10',75,'','1996-09-27 04:07:55'),(81,'M','Dextershire','2006-08-20',84,'','1998-06-01 05:16:58'),(82,'M','Runtemouth','1992-12-29',4,'','1989-02-03 11:58:46'),(83,'M','Zemlakfort','1977-07-11',92,'','1996-07-07 07:04:10'),(84,'F','Maiyaborough','2000-03-05',10,'','2007-01-29 02:29:00'),(85,'M','Port Dameonstad','1977-08-18',21,'','1998-11-15 19:18:50'),(86,'M','Port Bernadette','1979-09-15',83,'','2020-02-01 00:44:28'),(87,'F','Trantowberg','2007-09-19',86,'','2015-07-01 17:11:52'),(88,'F','Tillmanshire','2011-11-04',64,'','2014-05-02 06:32:02'),(89,'M','Goodwinton','2017-04-14',33,'','1975-04-06 19:55:31'),(90,'M','Wolffmouth','2015-10-24',99,'','2019-08-07 07:57:52'),(91,'F','Harveyberg','1989-03-23',42,'','2015-04-30 19:33:06'),(92,'F','Brendafort','1975-01-09',93,'','1982-05-07 04:03:45'),(93,'F','Kilbacktown','1988-01-24',49,'','1994-07-13 05:47:21'),(94,'F','New Oleta','1994-12-10',96,'','1996-07-02 22:24:50'),(95,'M','North Renee','1974-03-17',21,'','2008-07-29 14:27:52'),(96,'M','Bergnaumberg','1998-11-29',12,'','2012-06-14 21:14:27'),(97,'M','South Jeromy','2008-03-03',39,'','2000-02-23 16:56:32'),(98,'F','O\'Keefeland','1990-12-04',39,'','2014-04-12 08:53:57'),(99,'F','Princessside','1973-08-22',16,'','1998-03-09 13:55:59'),(100,'M','North Mekhibury','1983-11-04',9,'','1983-07-27 19:53:49');

UPDATE profiles SET is_active = 0 WHERE (birthday + INTERVAL 18 YEAR > NOW()) ;